Model,FGSM,DeepFool,PGD,L2PGD
simple_cnn,19.647231489419937,47.225,4.969380557537079,47.225
resnet18,16.917469135920207,0.2474385400613149,0.7257323165734609,15.941637508074443
